{
    "rmse": 0.6815380771248623,
    "mae": 0.544683984731857,
    "r2": 0.2336344653175142
}